,0
0,Post Malone
1,Roddy Ricch
2,Doja Cat
3,Gunna
4,The Kid LAROI
5,The Weeknd
6,DaBaby
7,Halsey
8,Future
9,Meek Mill
10,Lil Baby
11,Travis Scott
12,SZA
13,Swae Lee
14,Young Thug
15,21 Savage
16,Ty Dolla $ign
17,Nicki Minaj
18,G-Eazy
19,YG
20,Justin Bieber
21,Kehlani
22,Quavo
23,2 Chainz
24,Juice WRLD
25,Polo G
26,Trippie Redd
27,BTS
28,Lil Uzi Vert
29,Marshmello
30,Brent Faiyaz
31,YoungBoy Never Broke Again
32,Lil Wayne
33,Chief Keef
34,Lil Durk
35,Young Nudy
36,NAV
37,Pharrell Williams
38,Playboi Carti
39,Offset
40,J. Cole
41,Dreamville
42,JID
43,Sheck Wes
44,Bas
45,A$AP Ferg
46,6LACK
47,Baby Tate
48,T.I.
49,Smokepurpp
50,Ski Mask The Slump God
51,Smino
52,Vince Staples
53,Dreezy
54,Missy Elliott
55,Miguel
56,Cults
57,Kendrick Lamar
58,TLC
59,50 Cent
60,Trey Songz
61,JAY-Z
62,Drake
63,Big Sean
64,EST Gee
65,Blxst
66,SiR
67,Don Toliver
68,Pop Smoke
69,Huncho Jack
70,Takeoff
71,Juicy J
72,Kanye West
73,ScHoolboy Q
74,Daft Punk
75,Lana Del Rey
76,Ariana Grande
77,Kygo
78,"Tyler, The Creator"
79,Swedish House Mafia
80,Gesaffelstein
81,Labrinth
82,Ed Sheeran
83,Martin Garrix
84,Eminem
85,XXXTENTACION
86,PnB Rock
87,Rick Ross
88,Noah Cyrus
89,Tory Lanez
90,Joey Bada$$
91,Carnage
92,Nardo Wick
93,Jeremih
94,Rod Wave
95,42 Dugg
96,Moneybagg Yo
97,Gucci Mane
98,Lil Yachty
99,Summer Walker
100,Kodak Black
101,Baby Keem
102,Khalid
103,Jorja Smith
104,SOB X RBE
105,Ab-Soul
106,Anderson .Paak
107,James Blake
108,Jay Rock
109,Mozzy
110,Rihanna
111,Snoop Dogg
112,Dr. Dre
113,Glass Animals
114,Denzel Curry
115,iann dior
116,Giveon
117,Kid Cudi
118,Chris Brown
119,Fivio Foreign
120,Omarion
121,PARTYNEXTDOOR
122,dvsn
123,Wizkid
124,Majid Jordan
125,Alicia Keys
126,The-Dream
127,Jeezy
128,Mustard
129,A Boogie Wit da Hoodie
130,The Neighbourhood
131,Nipsey Hussle
132,French Montana
133,DeJ Loaf
134,Major Lazer
135,Diplo
136,Alan Walker
137,CHVRCHES
138,Bring Me The Horizon
139,Cardi B
140,Metro Boomin
141,DJ Drama
142,G Herbo
143,Wiz Khalifa
144,Jack Harlow
145,Benny The Butcher
146,Internet Money
147,Machine Gun Kelly
148,Latto
149,Olivia Rodrigo
150,Joji
151,Omar Apollo
152,BENEE
153,88rising
154,Rich Brian
155,GoldLink
156,Julia Michaels
157,Daya
158,Jeremy Zucker
159,Nebu Kiniza
160,Billie Eilish
161,Harry Styles
162,Morgan Wallen
163,Eric Church
164,HARDY
165,Chris Stapleton
166,Florida Georgia Line
167,Lainey Wilson
168,Ella Mai
169,Lewis Capaldi
170,The Chainsmokers
171,blink-182
172,ILLENIUM
173,Lennon Stella
174,Bebe Rexha
175,5 Seconds of Summer
176,R3HAB
177,Kelsea Ballerini
178,AFROJACK
179,Coldplay
180,Alesso
181,Tritonal
182,Lucky Daye
183,Disclosure
184,John Mayer
185,Childish Gambino
186,Chance the Rapper
187,Brittany Howard
188,Bon Iver
189,Common
190,SAINt JHN
191,Steve Lacy
192,Dua Lipa
193,Miley Cyrus
194,J Balvin
195,Bad Bunny
196,Tainy
197,Gwen Stefani
198,BLACKPINK
199,Tyga
200,Jax Jones
201,Stunna 4 Vegas
202,London On Da Track
203,Megan Thee Stallion
204,Kevin Gates
205,YK Osiris
206,Migos
207,Rich Homie Quan
208,Rich The Kid
209,Money Man
210,DJ Luke Nasty
211,Lil Nas X
212,Elton John
213,Lil Mosey
214,Lunay
215,BlocBoy JB
216,Camila Cabello
217,Taylor Swift
218,Stormzy
219,H.E.R.
220,Skrillex
221,Bruno Mars
222,Anuel AA
223,YFN Lucci
224,Yo Gotti
225,Pusha T
226,Diddy
227,Ludacris
228,Wale
229,Ace Hood
230,John Legend
231,Nas
232,Mac Miller
233,Iggy Azalea
234,Zedd
235,Cashmere Cat
236,Jessie J
237,Dawin
238,Dominic Fike
239,Logic
240,Action Bronson
241,Russ
242,Frank Sinatra
243,Cordae
244,Hailee Steinfeld
245,Jaden
246,Alessia Cara
247,Lizzo
248,Trevor Daniel
249,James Arthur
250,Arizona Zervas
251,Pooh Shiesty
252,SpotemGottem
253,NLE Choppa
254,Lil Pump
255,Mariah Carey
256,Nelly
257,Busta Rhymes
258,Usher
259,blackbear
260,Lauv
261,Tinashe
262,Ne-Yo
263,24kGoldn
264,Fetty Wap
265,Lil Tjay
266,benny blanco
267,Vance Joy
268,Calvin Harris
269,Isaiah Rashad
270,Sam Smith
271,Carrie Underwood
272,Dan + Shay
273,Tori Kelly
274,YNW Melly
275,Hotboii
276,Tee Grizzley
277,Fat Joe
278,Young Dolph
279,Luke Combs
280,Miranda Lambert
281,Jameson Rodgers
282,Lil Tecca
283,DJ Scheme
284,Mike WiLL Made-It
285,ILOVEMAKONNEN
286,Bryson Tiller
287,A$AP Rocky
288,Saweetie
289,Coi Leray
290,Belly
291,City Girls
292,Blueface
293,Marc E. Bassy
294,will.i.am
295,DJ Khaled
296,Trouble
297,Waka Flocka Flame
298,DRAM
299,Arctic Monkeys
300,Brenda Lee
301,Anita Kerr Singers
302,Kali Uchis
303,SoFaygo
304,Bazzi
305,The Game
306,Robin Thicke
307,Lil Skies
308,StaySolidRocky
309,Cochise
310,KAROL G
311,Imagine Dragons
312,O.T. Genasis
313,Rae Sremmurd
314,K CAMP
315,Eric Bellinger
316,Luis Fonsi
317,Manuel Turizo
318,Myke Towers
319,Rauw Alejandro
320,Farruko
321,Sebastian Yatra
322,Nicky Jam
323,Ozuna
324,Demi Lovato
325,Daddy Yankee
326,KYLE
327,MadeinTYO
328,Shaggy
329,JhayCo
330,Yandel
331,Sech
332,Mora
333,Sam Hunt
334,The Killers
335,6ix9ine
336,RAYE
337,Tones And I
338,Anne-Marie
339,LANY
340,Troye Sivan
341,Robin Schulz
342,Cheat Codes
343,Yung Bleu
344,Sage The Gemini
345,Joyner Lucas
346,Lupe Fiasco
347,Sean Paul
348,Fleetwood Mac
349,WILLOW
350,Shawn Mendes
351,B.o.B
352,CKay
353,Rema
354,David Guetta
355,Maroon 5
356,P!nk
357,Skylar Grey
358,Young M.A
359,X Ambassadors
360,Sia
361,Marilyn Manson
362,Surf Mesa
363,Astrid S
364,Sada Baby
365,Mike Posner
366,Desiigner
367,Justin Timberlake
368,YUNGBLUD
369,Alexander 23
370,Charli XCX
371,Kent Jones
372,Meghan Trainor
373,Conan Gray
374,Mac DeMarco
375,Sabrina Carpenter
376,NOTD
377,Jonas Blue
378,Why Don't We
379,AlunaGeorge
380,Niall Horan
381,Daniel Caesar
382,Lil Dicky
383,Rascal Flatts
384,Kid Rock
385,DMX
386,Tech N9ne
387,Liam Payne
388,Jon Bellion
389,Aloe Blacc
390,DJ Snake
391,Selena Gomez
392,Echosmith
393,Matthew Koma
394,MAGIC!
395,Ellie Goulding
396,Andy Williams
397,Twenty One Pilots
398,Charlie Puth
399,SAYGRACE
400,Hoodie Allen
401,Bobby Shmurda
402,Tame Impala
403,AminÃ©
404,Rex Orange County
405,Frank Ocean
406,Earl Sweatshirt
407,Wyclef Jean
408,Powfu
409,Colbie Caillat
410,HAIM
411,Panic! At The Disco
412,ZAYN
413,Famous Dex
414,Flipp Dinero
415,Sleepy Hallow
416,Sheff G
417,Jonas Brothers
418,The Lumineers
419,Wham!
420,Kelly Clarkson
421,Key Glock
422,Jason Derulo
423,Bankroll Fresh
424,Kesha
425,Yung Lean
426,The Notorious B.I.G.
427,Michael BublÃ©
428,Loren Allred
429,Nelly Furtado
430,The Walters
431,NF
432,Sasha Alex Sloan
433,Normani
434,Naughty Boy
435,Jessie Ware
436,Beach House
437,LunchMoney Lewis
438,Christina Aguilera
439,Gryffin
440,Lady A
441,Fifth Harmony
442,Pitbull
443,Kid Ink
444,d4vd
445,Surfaces
446,Quinn XCII
447,salem ilese
448,Tai Verdes
449,Thomas Rhett
450,Sam Fischer
451,Olly Murs
452,KIDS SEE GHOSTS
453,Death Cab for Cutie
454,Calboy
455,Britney Spears
456,Gorillaz
457,Years & Years
458,Stevie Wonder
459,Chris Rea
460,Eric Clapton
461,A$AP Mob
462,Surf Curse
463,Riton
464,Joel Corry
465,Anitta
466,Jidenna
467,Dillon Francis
468,Tate McRae
469,Ugly God
470,Adele
471,Blackstreet
472,OneRepublic
473,Lady Gaga
474,Kenny Loggins
475,Sara Bareilles
476,King Von
477,Tony Bennett
478,Ashnikko
479,Kylie Minogue
480,Foster The People
481,Flo Rida
482,Burl Ives
483,BIA
484,JVKE
485,Kate Bush
486,James Bay
487,NEIKED
488,Mabel
489,JP Saxe
490,Maren Morris
491,Ingrid Andress
492,ZHU
493,NATTI NATASHA
494,Yellow Claw
495,DNCE
496,Masked Wolf
497,Hozier
498,Rob $tone
499,Katy Perry
500,John Newman
501,Bing Crosby
502,Pentatonix
503,David Bowie
504,Louis Armstrong
505,Judy Garland
506,Dean Martin
507,Nat King Cole
508,Jung Kook
509,Steve Angello
510,Dean Lewis
511,Drakeo the Ruler
512,Lukas Graham
513,Toosii
514,J.I the Prince of N.Y
515,gnash
516,THE SCOTTS
517,Yot Club
518,Y2K
519,Yung Gravy
520,bbno$
521,ODESZA
522,Johnny Mathis
523,Nat King Cole Trio
524,Kiiara
525,Carolina GaitÃ¡n
526,Stephanie Beatriz
527,Jessica Darrow
528,Diane Guerrero
529,Maluma
530,Carlos Vives
531,Jennifer Lopez
532,King Princess
533,Sam Feldt
534,Zara Larsson
535,Alok
536,Tom Odell
537,Conrad Sewell
538,Maty Noyes
539,Ella Henderson
540,Steve Aoki
541,Rita Ora
542,Leon Bridges
543,Blanco Brown
544,Kiesza
545,Deorro
546,Lil Peep
547,Portugal. The Man
548,THE ANXIETY
549,Madison Beer
550,Jess Glynne
551,Ava Max
552,Avicii
553,Fergie
554,Black Eyed Peas
555,JosÃ© Feliciano
556,CNCO
557,Jason Mraz
558,Lin-Manuel Miranda
559,Flume
560,Tove Lo
561,Clean Bandit
562,GROUPLOVE
563,alt-J
564,Quality Control
565,Macklemore
566,Fall Out Boy
567,Sigala
568,MÃ¥neskin
569,Elvis Presley
570,Kacey Musgraves
571,Stephen Sanchez
572,Jordan Davis
573,Luke Bryan
574,Avril Lavigne
575,Brett Eldredge
576,Jason Aldean
577,Young Money
578,Queen
579,Adam Lambert
580,GAYLE
581,Lord Huron
582,BeyoncÃ©
583,Destiny's Child
584,Shakira
585,CJ
586,Ciara
587,MGMT
588,Wallows
589,Clairo
590,Ali Gatie
591,MAX
592,Nio Garcia
593,Walker Hayes
594,Jake Owen
595,Carly Pearce
596,Only The Family
597,Perry Como
598,Gene Autry
599,The Ronettes
600,$uicideboy$
601,Popcaan
602,WALK THE MOON
603,Ritt Momney
604,Ambjaay
605,YBN Nahmir
606,Cage The Elephant
607,Kane Brown
608,Blake Shelton
609,Becky G
610,Chris Young
611,FRENSHIP
612,Bastille
613,Muni Long
614,Band Aid
615,Chuck Berry
616,Etta James
617,Eslabon Armado
618,Junior H
619,Fuerza Regida
620,Ivan Cornejo
621,Natanael Cano
622,Peso Pluma
623,Grupo Marca Registrada
624,Romeo Santos
625,Jawsh 685
626,Southside
627,Cigarettes After Sex
628,Passion Pit
629,Tears For Fears
630,Grimes
631,Bakar
632,BROCKHAMPTON
633,RAC
634,Starley
635,Journey
636,Dove Cameron
637,TiÃ«sto
638,The Vamps
639,HRVY
640,BANKS
641,Yeat
642,MARINA
643,Bhad Bhabie
644,Ayo & Teo
645,ayokay
646,Ice Cube
647,Gabby Barrett
648,Lorde
649,Ruth B.
650,Felix Jaehn
651,Kungs
652,AronChupa
653,Keith Urban
654,Matoma
655,Nick Jonas
656,Foo Fighters
657,Mykola Dmytrovych Leontovych
658,Riley Green
659,Tyler Hubbard
660,Russell Dickerson
661,Little Big Town
662,Jon Pardi
663,Martin Jensen
664,Eartha Kitt
665,The Rare Occasions
666,A R I Z O N A
667,"Earth, Wind & Fire"
668,R. City
669,JP Cooper
670,Timeflies
671,Natalie La Rose
672,Roy Woods
673,Lilly Wood and The Prick
674,Mr. Probz
675,Mary Lambert
676,MKTO
677,Amaarae
678,Sevyn Streeter
679,Neon Trees
680,Tay-K
681,Passenger
682,Birdy
683,Cole Swindell
684,Dierks Bentley
685,One Direction
686,Old Dominion
687,Mitchell Tenpenny
688,Kenny Chesney
689,Zac Brown Band
690,Brett Young
691,Maddie & Tae
692,Darius Rucker
693,Lee Brice
694,Loote
695,Icona Pop
696,All Time Low
697,Bryce Vine
698,Tim McGraw
699,Nirvana
700,Oliver Tree
701,Loud Luxury
702,The Jackson 5
703,Macklemore & Ryan Lewis
704,Joel Adams
705,Snakehips
706,Elley DuhÃ©
707,The Beach Boys
708,Nico & Vinz
709,Kina
710,Vundabar
711,Dennis Lloyd
712,Grupo Frontera
713,Alec Benjamin
714,Weezer
715,Brantley Gilbert
716,Chris Lane
717,Chase Rice
718,Prince Royce
719,Milky Chance
720,Tyla Yaweh
721,Topic
722,Mike Perry
723,Bizarrap
724,Leona Lewis
725,Enrique Iglesias
726,Austin Mahone
727,G.R.L.
728,Paul McCartney
729,John Lennon
730,The Beatles
731,Michael Jackson
732,TOKYOâS REVENGE
733,Galantis
734,Lauren Spencer Smith
735,Em Beihold
736,MÃ
737,Elle King
738,Leslie Odom Jr.
739,Kristen Bell
740,T-Wayne
741,Cody Johnson
742,Mr.Kitty
743,Eladio Carrion
744,Zay Hilfigerrr
745,Lil Eazzyy
746,Joy Again
747,Duncan Laurence
748,Armin van Buuren
749,FLETCHER
750,Dante Klein
751,Louis Tomlinson
752,DVBBS
753,Zac Efron
754,Vince Guaraldi Trio
755,NewJeans
756,San Holo
757,Lost Frequencies
758,Ant Saunders
759,girl in red
760,Mitski
761,MUNA
762,ArcÃ¡ngel
763,DJ Luian
764,Rudimental
765,Tion Wayne
766,Jhay Cortez
767,Bruce Springsteen
768,Lizzy McAlpine
769,Dustin Lynch
770,Devin Dawson
771,Easton Corbin
772,Maggie Lindemann
773,AWOLNATION
774,Incubus
775,*NSYNC
776,CORPSE
777,Chris Jedi
778,TOTO
779,Carin Leon
780,SHAED
781,Keala Settle
782,Kris Kross Amsterdam
783,Rachel Platten
784,Andy Grammer
785,BoyWithUke
786,A Great Big World
787,The Carters
788,Axwell /\ Ingrosso
789,Oscar Maydon
790,Mother Mother
791,Bella Poarch
792,KSI
793,Little Mix
794,Metallica
795,Petit Biscuit
796,Donny Hathaway
797,Idina Menzel
798,Kat Dahlia
799,Ginuwine
800,Aventura
801,grandson
802,Sueco
803,Moxie Raia
804,Linkin Park
805,Jaymes Young
806,Phoebe Ryan
807,Capital Cities
808,DUSTY LOCANE
809,Pardison Fontaine
810,Melanie Martinez
811,Shoreline Mafia
812,mazie
813,Eli Young Band
814,Ãengo Flow
815,Comethazine
816,Freddie Dredd
817,ROSALÃA
818,Ghost
819,M83
820,Zendaya
821,Armani White
822,Sheppard
823,George Ezra
824,DJ ESCO
825,Beach Bunny
826,Ricky Montgomery
827,ACRAZE
828,Cash Cash
829,Ashe
830,Gym Class Heroes
831,American Authors
832,Olivia Holt
833,Carly Rae Jepsen
834,Eagles
835,El Chachito
836,Pedro CapÃ³
837,Danny Ocean
838,VÃRITÃ
839,Rosa Linn
840,Ryan Hurd
841,Reik
842,A-Wall
843,Owl City
844,Marian Hill
845,The Goo Goo Dolls
846,Porter Robinson
847,JhenÃ© Aiko
848,Terror Jr
849,DripReport
850,Wisin
851,Dynoro
852,Marvin Gaye
853,Auli'i Cravalho
854,Jonathan Groff
855,Smiley
856,Silk City
857,LANCO
858,N.E.R.D
859,Luke Christopher
860,Daryl Hall & John Oates
861,Cico P
862,LISA
863,Tyler Childers
864,Clinton Kane
865,Claire Rosinkranz
866,Regard
867,Carpenters
868,Ella Fitzgerald
869,Shawn Hook
870,AURORA
871,ChlÃ¶e
872,CafunÃ©
873,Rainbow Kitten Surprise
874,Thurl Ravenscroft
875,Vacations
876,Bo Burnham
877,Vice
878,StarBoi3
879,Central Cee
880,Headie One
881,ElyOtto
882,Hugh Jackman
883,Solange
884,Musical Youth
885,Chino Pacas
886,Pia Mia
887,Erica Banks
888,Pierce The Veil
889,beabadoobee
890,Eyedress
891,WhoHeem
892,Rixton
893,Leah Kate
894,AnnenMayKantereit
895,KREAM
896,MEDUZA
897,Louis The Child
898,Jelly Roll
899,Elijah Blake
900,Mumford & Sons
901,Aaron Carter
902,Jax
903,Yahritza Y Su Esencia
904,Ziv Zaifman
905,Mooski
906,Paramore
907,Billy Currington
908,Isaiah Firebrace
909,siouxxie sixxsta
910,Sugarland
911,"Bobby ""Boris"" Pickett & The Crypt-Kickers"
912,Vedo
913,Moon Taxi
914,Jack Johnson
915,Amy Grant
916,Shordie Shordie
917,Gera MX
918,Krewella
919,Thirty Seconds To Mars
920,BANNERS
921,Parker McCollum
922,Big Shaq
923,Who Is Fancy
924,Young Greatness
925,iLoveMemphis
926,Toby Keith
927,carolesdaughter
928,NextYoungin
929,My Chemical Romance
930,Roar
931,Lauren Daigle
932,Dae Dae
933,MisterWives
934,Sarah Cothran
935,The Backseat Lovers
936,Sara Kays
937,LPB Poody
938,Matt Maltese
939,The 1975
940,Popp Hunna
941,Bea Miller
942,Hunter Hayes
943,BRS Kash
944,4*TOWN (From Disney and Pixarâs Turning Red)
945,Various Artists
946,2Pac
947,FousheÃ©
948,Of Monsters and Men
949,Montell Fish
950,Mason Ramsey
951,Josh Turner
952,Chris Janson
953,Ghost Town DJs
954,Canaan Smith
955,State of Sound
956,Trinidad Cardona
957,Chloe x Halle
958,The Pogues
959,James Newton Howard
960,Florence + The Machine
961,j-hope
962,Kay Starr
963,lovelytheband
964,Disturbed
965,Kenshi Yonezu
966,SALES
967,M City JR
968,Tayler Buono
969,Fitz and The Tantrums
970,Audien
971,Suki Waterhouse
972,Diana Krall
973,B.B. King
974,Outkast
975,Bankrol Hayden
976,Luh Kel
977,The Script
978,Monsieur PerinÃ©
979,Thomas Gold
980,$NOT
981,Disney Characters
982,Michael Ray
983,Delacey
984,Cam
985,Gayla Peevey
986,Coolio
987,The xx
988,SofÃ­a Reyes
989,Nessa Barrett
990,ROSÃ
991,Matt Terry
992,Phillipa Soo
993,Lynyrd Skynyrd
994,Anna Kendrick
995,DLOW
996,22 Savage
997,Travie McCoy
998,Stan Kenton
999,AC/DC
1000,Cartel De Santa
1001,347aidan
1002,CAZZETTE
1003,NexXthursday
1004,TWICE
1005,Ingrid Michaelson
1006,Andrew Gold
1007,Michelle Williams
1008,Hilary Duff
1009,Omah Lay
1010,Matthew Wilder
1011,N.W.A.
1012,HVME
1013,Ylvis
1014,Creedence Clearwater Revival
1015,Dylan Scott
1016,K/DA
1017,mxmy
1018,Wilbur Soot
1019,Family of the Year
1020,TOOL
1021,SiM
1022,Van Morrison
1023,Sofia Karlberg
1024,Blue Ãyster Cult
1025,Red Hot Chili Peppers
1026,Kayla Nicole
1027,Guns N' Roses
1028,Tom Petty
1029,Tom Petty and the Heartbreakers
1030,Gerry Rafferty
1031,The Living Tombstone
1032,Dave
1033,Glades
1034,A Tribe Called Quest
1035,TOMORROW X TOGETHER
1036,Connie Francis
1037,Phillip Phillips
1038,Big Red Machine
1039,Fiona Apple
1040,88-Keys
1041,Dream
1042,Emeli SandÃ©
1043,RM
1044,Agust D
1045,PSY
1046,Falling In Reverse
1047,Kings of Leon
1048,JIN
1049,Jana Kramer
1050,TAEYANG
1051,Otto Knows
1052,Jamie xx
1053,KONGOS
1054,Maggie Rogers
1055,80purppp
1056,Jessie Murph
1057,Isabel LaRosa
1058,Banda MS de Sergio LizÃ¡rraga
1059,Kay Flock
1060,Lovejoy
1061,fun.
1062,Vigiland
1063,Kinneret
1064,Eurythmics
1065,Likybo
1066,Rick James
1067,The Backyardigans
1068,jxdn
1069,Muse
1070,Sadie Jean
1071,Run The Jewels
1072,Fujii Kaze
1073,The Temptations
1074,Janelle MonÃ¡e
1075,Jack & Jack
1076,Autumn!
1077,Will Paquin
1078,Vampire Weekend
1079,The Longest Johns
1080,David Kushner
1081,The Citizens of Halloween
1082,Stray Kids
1083,Slipknot
1084,Kris Wu
1085,A Thousand Horses
1086,The Strokes
1087,Bee Gees
1088,Kim Cesarion
1089,Cobra Starship
1090,Soundgarden
1091,Coleman Hell
1092,Theophilus London
1093,Chad Focus
1094,SNBRN
1095,Shaun Reynolds
1096,Radiohead
1097,JoJo
1098,Kalin and Myles
1099,Chedda Da Connect
1100,The Low Down
1101,Miike Snow
1102,New Politics
1103,Beck
1104,Priory
1105,Nico Segal
1106,LÃON
1107,Alabama Shakes
1108,Ryan Adams
1109,D'Angelo
1110,Edward Sharpe & The Magnetic Zeros
1111,Tyler Farr
1112,SoMo
1113,Charlie Spivak & His Orchestra
1114,The Wombats
1115,Arcade Fire
1116,Marlon Roudette
1117,Pink Floyd
1118,Palisades
1119,SHIN JIMIN
1120,Phoenix
1121,Modest Mouse
1122,LISTENBEE
1123,Foals
1124,The White Stripes
1125,Train
1126,Handsome Ghost
1127,Sublime
1128,The Barden Bellas
1129,Don McLean
1130,Fort Minor
1131,Aerosmith
1132,Dropkick Murphys
1133,John Mellencamp
1134,The Fray
1135,POWERS
1136,Atlas Genius
1137,Smallpools
1138,My Morning Jacket
1139,Ryn Weaver
1140,Jack Garratt
1141,Buffalo Springfield
1142,Best Coast
1143,Third Eye Blind
1144,Jarryd James
1145,Rebel Wilson
1146,Purity Ring
